Tanggal Transaksi,Quantity,Nama Customer,Nama Kota,Nama Produk
08/11/2017,2,Claire Gute,Henderson,Bush Somerset Collection Bookcase
08/11/2017,3,Claire Gute,Henderson,"Hon Deluxe Fabric Upholstered Stacking Chairs, Rounded Back"
12/06/2017,4,Darrin Van Huff,Los Angeles,Self-Adhesive Address Labels for Typewriters by Universal
11/10/2016,3,Sean O'Donnell,Fort Lauderdale,Bretford CR4500 Series Slim Rectangular Table
11/10/2016,5,Sean O'Donnell,Fort Lauderdale,Eldon Fold 'N Roll Cart System
09/06/2015,2,Brosina Hoffman,Los Angeles,"Eldon Expressions Wood and Plastic Desk Accessories, Cherry Wood"
09/06/2015,2,Brosina Hoffman,Los Angeles,Newell 322
09/06/2015,2,Brosina Hoffman,Los Angeles,Mitel 5320 IP Phone VoIP phone
09/06/2015,1,Brosina Hoffman,Los Angeles,DXL Angle-View Binders with Locking Rings by Samsill
09/06/2015,3,Brosina Hoffman,Los Angeles,Belkin F5C206VTEL 6 Outlet Surge
09/06/2015,5,Brosina Hoffman,Los Angeles,Chromcraft Rectangular Conference Tables
09/06/2015,2,Brosina Hoffman,Los Angeles,Konftel 250 Conference phone - Charcoal black
15/04/2018,6,Andrew Allen,Concord,Xerox 1967
05/12/2017,5,Irene Maddox,Seattle,Fellowes PB200 Plastic Comb Binding Machine
22/11/2016,3,Harold Pawlan,Fort Worth,"Holmes Replacement Filter for HEPA Air Cleaner, Very Large Room, HEPA Filter"
22/11/2016,2,Harold Pawlan,Fort Worth,Storex DuraTech Recycled Plastic Frosted Binders
11/11/2015,3,Pete Kriz,Madison,"Stur-D-Stor Shelving, Vertical 5-Shelf: 72""H x 36""W x 18 1/2""D"
13/05/2015,5,Alejandro Grove,West Jordan,Fellowes Super Stor/Drawer
27/08/2015,3,Zuschuss Donatelli,San Francisco,Newell 341
27/08/2015,1,Zuschuss Donatelli,San Francisco,Cisco SPA 501G IP Phone
27/08/2015,3,Zuschuss Donatelli,San Francisco,"Wilson Jones Hanging View Binder, White, 1"""
09/12/2017,2,Ken Black,Fremont,Newell 318
09/12/2017,6,Ken Black,Fremont,"Acco Six-Outlet Power Strip, 4' Cord Length"
16/07/2018,4,Sandra Flanagan,Philadelphia,"Global Deluxe Stacking Chair, Gray"
25/09/2016,3,Emily Burns,Orem,Bretford CR4500 Series Slim Rectangular Table
16/01/2017,6,Eric Hoffmann,Los Angeles,Wilson Jones Active Use Binders
16/01/2017,8,Eric Hoffmann,Los Angeles,Imation 8GB Mini TravelDrive USB 2.0 Flash Drive
17/09/2016,6,Tracy Blumstein,Philadelphia,"Riverside Palais Royal Lawyers Bookcase, Royale Cherry Finish"
17/09/2016,4,Tracy Blumstein,Philadelphia,Avery Recycled Flexi-View Covers for Binding Systems
17/09/2016,5,Tracy Blumstein,Philadelphia,"Howard Miller 13-3/4"" Diameter Brushed Chrome Round Wall Clock"
17/09/2016,6,Tracy Blumstein,Philadelphia,Poly String Tie Envelopes
17/09/2016,2,Tracy Blumstein,Philadelphia,"BOSTON Model 1800 Electric Pencil Sharpeners, Putty/Woodgrain"
17/09/2016,2,Tracy Blumstein,Philadelphia,"Acco Pressboard Covers with Storage Hooks, 14 7/8"" x 11"", Executive Red"
17/09/2016,2,Tracy Blumstein,Philadelphia,Lumber Crayons
19/10/2018,3,Matt Abelman,Houston,Easy-staple paper
08/12/2017,4,Gene Hale,Richardson,GE 30524EE4
08/12/2017,6,Gene Hale,Richardson,"Electrix Architect's Clamp-On Swing Arm Lamp, Black"
27/12/2016,2,Steve Nguyen,Houston,"#10-4 1/8"" x 9 1/2"" Premium Diagonal Seam Envelopes"
27/12/2016,2,Steve Nguyen,Houston,"Atlantic Metals Mobile 3-Shelf Bookcases, Custom Colors"
27/12/2016,4,Steve Nguyen,Houston,"Global Fabric Manager's Chair, Dark Gray"
27/12/2016,4,Steve Nguyen,Houston,Plantronics HL10 Handset Lifter
10/09/2018,1,Linda Cazamias,Naperville,Panasonic Kx-TS550
17/07/2017,7,Ruben Ausman,Los Angeles,"Eldon Base for stackable storage shelf, platinum"
19/09/2018,2,Erin Smith,Melbourne,"Advantus 10-Drawer Portable Organizer, Chrome Metal Frame, Smoke Drawers"
11/03/2017,9,Odella Nelson,Eagan,"Verbatim 25 GB 6x Blu-ray Single Layer Recordable Disc, 25/Pack"
11/03/2017,2,Odella Nelson,Eagan,Wilson Jones Leather-Like Binders with DublLock Round Rings
20/10/2015,1,Patrick O'Donnell,Westland,"Gould Plastics 9-Pocket Panel Bin, 18-3/8w x 5-1/4d x 20-1/2h, Black"
20/06/2017,1,Lena Hernandez,Dover,Imation 8gb Micro Traveldrive Usb 2.0 Flash Drive
20/06/2017,3,Lena Hernandez,Dover,"LF Elite 3D Dazzle Designer Hard Case Cover, Lf Stylus Pen and Wiper For Apple Iphone 5c Mini Lite"
18/04/2016,3,Darren Powers,New Albany,"C-Line Peel & Stick Add-On Filing Pockets, 8-3/4 x 5-1/8, 10/Pack"
18/04/2016,2,Darren Powers,New Albany,Avery 485
18/04/2016,3,Darren Powers,New Albany,Longer-Life Soft White Bulbs
18/04/2016,3,Darren Powers,New Albany,"Global Leather Task Chair, Black"
11/12/2017,6,Janet Molinari,New York City,Advantus Push Pins
11/12/2017,2,Janet Molinari,New York City,AT&T CL83451 4-Handset Telephone
17/06/2017,1,Ted Butterfield,Troy,Home/Office Personal File Carts
17/06/2017,1,Ted Butterfield,Troy,Xerox 232
17/06/2017,1,Ted Butterfield,Troy,Novimex Turbo Task Chair
17/06/2017,3,Ted Butterfield,Troy,"Array Parchment Paper, Assorted Colors"
17/06/2017,6,Ted Butterfield,Troy,Imation 8gb Micro Traveldrive Usb 2.0 Flash Drive
17/06/2017,3,Ted Butterfield,Troy,Plastic Binding Combs
17/06/2017,12,Ted Butterfield,Troy,Prang Dustless Chalk Sticks
24/11/2016,2,Kunst Miller,Los Angeles,"Verbatim 25 GB 6x Blu-ray Single Layer Recordable Disc, 3/Pack"
24/11/2016,1,Kunst Miller,Los Angeles,"Acco PRESSTEX Data Binder with Storage Hooks, Dark Blue, 14 7/8"" X 11"""
24/11/2016,1,Kunst Miller,Los Angeles,Xerox 1943
24/11/2016,1,Kunst Miller,Los Angeles,Luxo Economy Swing Arm Lamp
30/04/2016,5,Paul Stevenson,Chicago,"Global Value Mid-Back Manager's Chair, Gray"
05/12/2015,3,Brendan Sweed,Gilbert,"Hunt BOSTON Model 1606 High-Volume Electric Pencil Sharpener, Beige"
05/12/2015,2,Brendan Sweed,Gilbert,netTALK DUO VoIP Telephone Service
04/06/2017,1,Karen Daniels,Springfield,"Snap-A-Way Black Print Carbonless Ruled Speed Letter, Triplicate"
18/09/2017,2,Henry MacAllister,New York City,Avery Binding System Hidden Tab Executive Style Index Sets
14/09/2018,6,Tracy Blumstein,Jackson,"Telephone Message Books with Fax/Mobile Section, 5 1/2"" x 3 3/16"""
26/04/2016,2,Joel Eaton,Memphis,High-Back Leather Manager's Chair
26/04/2016,2,Joel Eaton,Memphis,"Tenex Traditional Chairmats for Medium Pile Carpet, Standard Lip, 36"" x 48"""
26/04/2016,1,Joel Eaton,Memphis,Safco Industrial Wire Shelving System
09/12/2018,3,Ken Brennan,Houston,Economy Binders
09/12/2018,6,Ken Brennan,Houston,"6"" Cubicle Wall Clock, Black"
09/12/2018,6,Ken Brennan,Houston,"SimpliFile Personal File, Black Granite, 15w x 6-15/16d x 11-1/4h"
26/11/2015,5,Joel Eaton,Houston,"Eldon Expressions Desk Accessory, Wood Pencil Holder, Oak"
12/06/2017,3,Stewart Carmichael,Decatur,"1.7 Cubic Foot Compact ""Cube"" Office Refrigerators"
12/06/2017,2,Stewart Carmichael,Decatur,Avery Heavy-Duty EZD  Binder With Locking Rings
12/10/2015,2,Duane Noonan,San Francisco,"Premium Writing Pencils, Soft, #2 by Central Association for the Blind"
12/10/2015,4,Duane Noonan,San Francisco,"Sortfiler Multipurpose Personal File Organizer, Black"
03/09/2016,3,Julie Creighton,Durham,Jet-Pak Recycled Peel 'N' Seal Padded Mailers
13/11/2018,2,Christopher Schild,Chicago,Safco Industrial Wire Shelving
28/05/2018,1,Patrick O'Donnell,Columbia,Novimex Swivel Fabric Task Chair
26/10/2018,3,Paul Gonzalez,Rochester,Logitech LS21 Speaker System - PC Multimedia - 2.1-CH - Wired
26/10/2018,5,Paul Gonzalez,Rochester,Avery 511
05/04/2017,5,Gary Mitchum,Houston,Eldon Portable Mobile Manager
17/09/2017,2,Jim Sink,Los Angeles,Turquoise Lead Holder with Pocket Clip
17/09/2017,5,Jim Sink,Los Angeles,Panasonic Kx-TS550
17/09/2017,2,Jim Sink,Los Angeles,Xerox 1995
31/01/2016,2,Karl Braun,Minneapolis,Xerox 1999
31/01/2016,5,Karl Braun,Minneapolis,"Seth Thomas 13 1/2"" Wall Clock"
31/01/2016,4,Karl Braun,Minneapolis,Ibico Standard Transparent Covers
06/11/2018,4,Roger Barcio,Portland,Flexible Leather- Look Classic Collection Ring Binder
09/11/2018,2,Parhena Norris,New York City,9-3/4 Diameter Round Wall Clock
17/06/2018,4,Katherine Ducich,San Francisco,Trimflex Flexible Post Binders
06/09/2017,2,Elpida Rittenbach,Saint Paul,Fellowes Basic Home/Office Series Surge Protectors
29/08/2017,4,Rick Bensley,Chicago,Avery Personal Creations Heavyweight Cards
29/08/2017,3,Rick Bensley,Chicago,SanDisk Ultra 64 GB MicroSDHC Class 10 Memory Card
29/08/2017,8,Rick Bensley,Chicago,Avery Hidden Tab Dividers for Binding Systems
01/12/2017,5,Gary Zandusky,Rochester,Universal Premium White Copier/Laser Paper (20Lb. and 87 Bright)
13/11/2016,5,Lena Cacioppo,Aurora,Logitech K350 2.4Ghz Wireless Keyboard
13/11/2016,7,Lena Cacioppo,Aurora,"Deflect-o DuraMat Lighweight, Studded, Beveled Mat for Low Pile Carpeting"
13/11/2016,7,Lena Cacioppo,Aurora,"Avery Trapezoid Ring Binder, 3"" Capacity, Black, 1040 sheets"
23/11/2018,14,Janet Martin,Charlotte,Memorex Mini Travel Drive 8 GB USB 2.0 Flash Drive
23/11/2018,2,Janet Martin,Charlotte,Speck Products Candyshell Flip Case
23/11/2018,4,Janet Martin,Charlotte,Newell Chalk Holder
15/10/2016,7,Pete Armstrong,Orland Park,Logitech Gaming G510s - Keyboard
25/12/2018,9,Cynthia Voltz,New York City,Magnifier Swing Arm Lamp
03/11/2017,2,Clay Ludtke,Urbandale,"Hunt PowerHouse Electric Pencil Sharpener, Blue"
03/11/2017,5,Clay Ludtke,Urbandale,"Avery Durable Plastic 1"" Binders"
25/08/2015,2,Ryan Crowe,Columbus,"OIC Colored Binder Clips, Assorted Sizes"
25/08/2015,2,Ryan Crowe,Columbus,"Redi-Strip #10 Envelopes, 4 1/8 x 9 1/2"
25/08/2015,6,Ryan Crowe,Columbus,Xerox 1921
25/08/2015,2,Ryan Crowe,Columbus,"Tyvek  Top-Opening Peel & Seel Envelopes, Plain White"
02/03/2016,6,Dave Kipp,Seattle,Hon Racetrack Conference Tables
05/04/2016,2,Greg Guthrie,Bristol,GBC DocuBind 300 Electric Binding Machine
12/06/2017,4,Steven Cartwright,Wilmington,Artistic Insta-Plaque
12/06/2017,2,Steven Cartwright,Wilmington,DXL Angle-View Binders with Locking Rings by Samsill
12/06/2017,2,Steven Cartwright,Wilmington,"Companion Letter/Legal File, Black"
12/06/2017,2,Steven Cartwright,Wilmington,Globe Weis Peel & Seel First Class Envelopes
12/06/2017,1,Steven Cartwright,Wilmington,KLD Oscar II Style Snap-on Ultra Thin Side Flip Synthetic Leather Cover Case for HTC One HTC M7
26/12/2015,1,Alan Dominguez,Houston,Global Deluxe High-Back Manager's Chair
20/09/2015,5,Philip Fox,Bloomington,Bevis 44 x 96 Conference Tables
05/11/2018,3,Troy Staebel,Phoenix,"Avery Durable Slant Ring Binders, No Labels"
05/11/2018,6,Troy Staebel,Phoenix,"Trav-L-File Heavy-Duty Shuttle II, Black"
06/11/2017,5,Lindsay Shagiari,Los Angeles,"Global Task Chair, Black"
06/11/2017,4,Lindsay Shagiari,Los Angeles,Eldon Cleatmat Plus Chair Mats for High Pile Carpets
02/02/2018,1,Dorothy Wardle,Columbus,Anker 36W 4-Port USB Wall Charger Travel Power Adapter for iPhone 5s 5c 5
02/02/2018,1,Dorothy Wardle,Columbus,Xerox 1916
02/02/2018,2,Dorothy Wardle,Columbus,Staples
13/10/2017,6,Lena Creighton,Roseville,Xerox 195
13/10/2017,4,Lena Creighton,Roseville,Xerox 1880
13/10/2017,1,Lena Creighton,Roseville,"Sanford Colorific Colored Pencils, 12/Box"
13/10/2017,2,Lena Creighton,Roseville,Ideal Clamps
13/10/2017,2,Lena Creighton,Roseville,GBC Wire Binding Strips
13/10/2017,3,Lena Creighton,Roseville,Fiskars Softgrip Scissors
13/10/2017,1,Lena Creighton,Roseville,Longer-Life Soft White Bulbs
05/09/2017,1,Jonathan Doherty,Philadelphia,"Howard Miller 13-3/4"" Diameter Brushed Chrome Round Wall Clock"
18/09/2018,6,Sally Hughsby,San Francisco,Newell 343
18/09/2018,2,Sally Hughsby,San Francisco,Convenience Packs of Business Envelopes
18/09/2018,2,Sally Hughsby,San Francisco,Xerox 1911
22/12/2018,11,Sandra Glassco,Independence,Sanyo 2.5 Cubic Foot Mid-Size Office Refrigerators
07/09/2016,4,Helen Andreada,Pasadena,Safco Industrial Wire Shelving
22/10/2015,2,Maureen Gastineau,Newark,"Seth Thomas 14"" Putty-Colored Wall Clock"
05/12/2017,2,Justin Ellison,Franklin,Plantronics Cordless Phone Headset with In-line Volume - M214C
05/12/2017,2,Justin Ellison,Franklin,Anker Astro 15000mAh USB Portable Charger
05/12/2017,5,Justin Ellison,Franklin,"Hon Deluxe Fabric Upholstered Stacking Chairs, Rounded Back"
05/12/2017,2,Justin Ellison,Franklin,GBC Prestige Therm-A-Bind Covers
13/03/2017,6,Tamara Willingham,Scottsdale,Belkin 7 Outlet SurgeMaster Surge Protector with Phone Protection
13/03/2017,6,Tamara Willingham,Scottsdale,Jabra BIZ 2300 Duo QD Duo Corded Headset
31/05/2016,3,Stephanie Phelps,San Jose,Southworth 25% Cotton Antique Laid Paper & Envelopes
31/05/2016,8,Stephanie Phelps,San Jose,Xerox 1883
31/05/2016,2,Stephanie Phelps,San Jose,"Tenex Personal Project File with Scoop Front Design, Black"
28/05/2016,3,Neil Knudson,Seattle,Newell 311
01/03/2015,5,Dave Brooks,Seattle,Global Deluxe High-Back Manager's Chair
20/11/2017,4,Nora Paige,Edmond,Avery 519
20/11/2017,2,Nora Paige,Edmond,Avaya 5420 Digital phone
11/05/2017,1,Ted Trevino,Los Angeles,Xerox 1920
28/12/2016,2,Eric Murdock,Philadelphia,Lenovo 17-Key USB Numeric Keypad
16/11/2017,2,Ruben Dartt,Carlsbad,Staple envelope
07/11/2017,7,Max Jones,Seattle,Wilson Jones International Size A4 Ring Binders
08/09/2015,3,Becky Martin,San Antonio,BIC Brite Liner Highlighters
08/09/2015,1,Becky Martin,San Antonio,Lexmark MX611dhe Monochrome Laser Printer
08/09/2015,6,Becky Martin,San Antonio,Space Solutions HD Industrial Steel Shelving.
08/09/2015,2,Becky Martin,San Antonio,SAFCO Arco Folding Chair
08/09/2015,6,Becky Martin,San Antonio,Sanford Liquid Accent Highlighters
08/09/2015,1,Becky Martin,San Antonio,Kensington 7 Outlet MasterPiece Power Center
08/09/2015,2,Becky Martin,San Antonio,JBL Micro Wireless Portable Bluetooth Speaker
05/08/2015,4,Chad Sievert,Los Angeles,"Adams Phone Message Book, Professional, 400 Message Capacity, 5 3/6” x 11”"
05/08/2015,2,Chad Sievert,Los Angeles,Xerox 1913
05/08/2015,1,Chad Sievert,Los Angeles,"Global Value Steno Chair, Gray"
14/09/2015,4,Jennifer Braxton,Chicago,Kensington 7 Outlet MasterPiece HOMEOFFICE Power Control Center
14/09/2015,4,Jennifer Braxton,Chicago,Avery 51
21/04/2018,1,Shirley Jackson,Houston,"Acco 7-Outlet Masterpiece Power Center, Wihtout Fax/Phone Line Protection"
21/11/2016,3,Joel Eaton,Newark,"Padded Folding Chairs, Black, 4/Carton"
21/11/2016,2,Joel Eaton,Newark,Acme Rosewood Handle Letter Opener
15/12/2016,1,Jim Kriz,New York City,"Sanford Colorific Eraseable Coloring Pencils, 12 Count"
05/12/2015,3,David Kendrick,Decatur,"Tenex File Box, Personal Filing Tote with Lid, Black"
05/12/2015,1,David Kendrick,Decatur,Imation Secure+ Hardware Encrypted USB 2.0 Flash Drive; 16GB
19/11/2015,1,Robert Marley,Monroe,AT&T TR1909W
19/11/2015,1,Robert Marley,Monroe,Nokia Lumia 521 (T-Mobile)
19/11/2015,1,Robert Marley,Monroe,HP Standard 104 key PS/2 Keyboard
28/11/2017,1,Sally Knutson,Fairfield,Avery Poly Binder Pockets
26/08/2015,3,Frank Merwin,Los Angeles,SanDisk Ultra 32 GB MicroSDHC Class 10 Memory Card
16/07/2017,2,Alice McCarthy,Grand Prairie,"Personal Filing Tote with Lid, Black/Gray"
16/07/2017,1,Alice McCarthy,Grand Prairie,Southworth 25% Cotton Antique Laid Paper & Envelopes
12/10/2016,2,Mark Packer,New York City,"Atlantic Metals Mobile 4-Shelf Bookcases, Custom Colors"
12/10/2016,1,Mark Packer,New York City,I Need's 3d Hello Kitty Hybrid Silicone Case Cover for HTC One X 4g with 3d Hello Kitty Stylus Pen Green/pink
12/10/2016,1,Mark Packer,New York City,Xerox 205
12/10/2016,7,Mark Packer,New York City,"Atlantic Metals Mobile 3-Shelf Bookcases, Custom Colors"
12/10/2016,4,Mark Packer,New York City,4009 Highlighters by Sanford
31/10/2016,6,Mary Zewe,Redlands,Poly String Tie Envelopes
21/03/2015,6,Cassandra Brandow,Hamilton,"Binney & Smith Crayola Metallic Colored Pencils, 8-Color Set"
21/03/2015,9,Cassandra Brandow,Hamilton,"Binney & Smith inkTank Erasable Desk Highlighter, Chisel Tip, Yellow, 12/Box"
06/11/2018,1,Valerie Mitchum,Westfield,Decoflex Hanging Personal Folder File
06/07/2018,4,Fred Hopkins,Philadelphia,"Pressboard Covers with Storage Hooks, 9 1/2"" x 11"", Light Blue"
06/07/2018,3,Fred Hopkins,Philadelphia,"Wirebound Message Books, 5-1/2 x 4 Forms, 2 or 4 Forms per Page"
24/06/2018,1,Maria Bertelson,Akron,Southworth 25% Cotton Linen-Finish Paper & Envelopes
03/08/2015,2,Bruce Stewart,Denver,BoxOffice By Design Rectangular and Half-Moon Meeting Room Tables
03/08/2015,1,Bruce Stewart,Denver,"Bravo II Megaboss 12-Amp Hard Body Upright, Replacement Belts, 2 Belts per Pack"
17/12/2018,2,Logan Currie,Dallas,Eureka Sanitaire  Commercial Upright
03/06/2018,3,Heather Kirkland,Franklin,"Eldon 200 Class Desk Accessories, Burgundy"
09/12/2018,5,Laurel Elliston,Whittier,Nortel Business Series Terminal T7208 Digital phone
01/12/2018,6,Joseph Holt,Saginaw,"Tennsco Lockers, Gray"
01/12/2018,2,Joseph Holt,Saginaw,Panasonic KX-TG6844B Expandable Digital Cordless Telephone
01/12/2018,3,Joseph Holt,Saginaw,"Avery Durable Slant Ring Binders, No Labels"
01/12/2018,3,Joseph Holt,Saginaw,"Advantus Push Pins, Aluminum Head"
01/12/2018,4,Joseph Holt,Saginaw,"Gould Plastics 18-Pocket Panel Bin, 34w x 5-1/4d x 20-1/2h"
09/02/2016,2,Michael Stewart,Dallas,Memorex Micro Travel Drive 8 GB
02/01/2016,1,Victoria Wilson,Medina,Avery 505
02/01/2016,2,Victoria Wilson,Medina,O'Sullivan 2-Door Barrister Bookcase in Odessa Pine
02/01/2016,3,Victoria Wilson,Medina,Speck Products Candyshell Flip Case
02/01/2016,1,Victoria Wilson,Medina,Cisco 9971 IP Video Phone Charcoal
02/01/2016,3,Victoria Wilson,Medina,Sony Micro Vault Click 16 GB USB 2.0 Flash Drive
28/10/2017,4,Jonathan Howell,Los Angeles,"Personal Filing Tote with Lid, Black/Gray"
28/10/2017,3,Jonathan Howell,Los Angeles,Adtran 1202752G1
24/12/2016,4,Joni Blumstein,Dublin,OIC Bulk Pack Metal Binder Clips
24/12/2016,2,Joni Blumstein,Dublin,"While You Were Out Pads, 50 per Pad, 4 x 5 1/4, Green Cycle"
24/12/2016,2,Joni Blumstein,Dublin,Ibico Standard Transparent Covers
24/12/2016,6,Joni Blumstein,Dublin,"Executive Impressions 14"" Two-Color Numerals Wall Clock"
24/12/2016,1,Joni Blumstein,Dublin,Swingline SM12-08 MicroCut Jam Free Shredder
24/12/2016,7,Joni Blumstein,Dublin,Stanley Bostitch Contemporary Electric Pencil Sharpeners
09/08/2016,2,David Smith,Detroit,"Sanford Uni-Blazer View Highlighters, Chisel Tip, Yellow"
09/08/2016,2,David Smith,Detroit,Bevis 36 x 72 Conference Tables
09/08/2016,1,David Smith,Detroit,Rogers Deluxe File Chest
28/02/2016,1,Valerie Dominguez,Columbia,Global Low Back Tilter Chair
28/02/2016,4,Valerie Dominguez,Columbia,"Global Push Button Manager's Chair, Indigo"
13/09/2015,3,Erin Ashbrook,Charlotte,GBC Instant Index System for Binding Systems
07/04/2018,5,Christopher Schild,Tampa,Bush Advantage Collection Round Conference Table
07/04/2018,6,Christopher Schild,Tampa,Bretford Rectangular Conference Table Tops
07/04/2018,4,Christopher Schild,Tampa,GBC Instant Index System for Binding Systems
07/04/2018,2,Christopher Schild,Tampa,"Tenex Contemporary Contur Chairmats for Low and Medium Pile Carpet, Computer, 39"" x 49"""
07/04/2018,12,Christopher Schild,Tampa,Logitech P710e Mobile Speakerphone
12/11/2018,10,David Bremer,Santa Clara,Xerox 4200 Series MultiUse Premium Copy Paper (20Lb. and 84 Bright)
04/06/2017,9,Ken Lonsdale,Chicago,Xerox 1957
04/06/2017,5,Ken Lonsdale,Chicago,Luxo Professional Fluorescent Magnifier Lamp with Clamp-Mount Base
04/06/2017,2,Ken Lonsdale,Chicago,Staple-based wall hangings
04/06/2017,8,Ken Lonsdale,Chicago,PureGear Roll-On Screen Protector
04/06/2017,4,Ken Lonsdale,Chicago,KI Conference Tables
04/06/2017,5,Ken Lonsdale,Chicago,Eldon 100 Class Desk Accessories
04/06/2017,5,Ken Lonsdale,Chicago,"Binney & Smith Crayola Metallic Colored Pencils, 8-Color Set"
01/06/2015,5,Dianna Wilson,Lakeville,Global Deluxe High-Back Manager's Chair
01/06/2015,2,Dianna Wilson,Lakeville,Safco Steel Mobile File Cart
01/06/2015,6,Dianna Wilson,Lakeville,"Adams Telephone Message Book w/Frequently-Called Numbers Space, 400 Messages per Book"
01/06/2015,4,Dianna Wilson,Lakeville,Honeywell Enviracaire Portable HEPA Air Cleaner for 17' x 22' Room
01/06/2015,4,Dianna Wilson,Lakeville,Xerox 205
10/12/2017,3,Logan Haushalter,San Francisco,"Global Leather Highback Executive Chair with Pneumatic Height Adjustment, Black"
11/09/2017,9,Kelly Collister,San Diego,"Wirebound Message Books, Two 4 1/4"" x 5"" Forms per Page"
11/09/2017,1,Kelly Collister,San Diego,Logitech P710e Mobile Speakerphone
10/12/2017,6,Delfina Latchford,New York City,"Fellowes Personal Hanging Folder Files, Navy"
10/12/2017,6,Delfina Latchford,New York City,Tyvek Side-Opening Peel & Seel Expanding Envelopes
28/11/2016,2,Dan Reichenbach,Chicago,Eldon 100 Class Desk Accessories
28/11/2016,5,Dan Reichenbach,Chicago,"Belkin 19"" Vented Equipment Shelf, Black"
28/11/2016,1,Dan Reichenbach,Chicago,"Tenex Personal Project File with Scoop Front Design, Black"
28/11/2016,2,Dan Reichenbach,Chicago,Logitech Mobile Speakerphone P710e - speaker phone
01/12/2018,3,Craig Carreira,New York City,Sabrent 4-Port USB 2.0 Hub
01/12/2018,3,Craig Carreira,New York City,Safco Industrial Shelving
01/12/2018,5,Craig Carreira,New York City,Acco 3-Hole Punch
08/06/2018,2,Dorris liebe,Pasadena,Eureka Disposable Bags for Sanitaire Vibra Groomer I Upright Vac
19/09/2015,4,Sean Braxton,Houston,Lexmark MX611dhe Monochrome Laser Printer
19/09/2015,3,Sean Braxton,Houston,Xerox WorkCentre 6505DN Laser Multifunction Printer
06/06/2017,2,Roy Collins,Chicago,Cisco Small Business SPA 502G VoIP phone
10/11/2016,3,Alan Hwang,Brentwood,Microsoft Sculpt Comfort Mouse
16/06/2018,1,Claudia Bergmann,Chapel Hill,"Quartet Omega Colored Chalk, 12/Pack"
22/01/2017,2,Paul Gonzalez,Morristown,Bagged Rubber Bands
09/12/2018,3,Christine Abelman,Cincinnati,Safco Commercial Shelving
09/12/2018,2,Christine Abelman,Cincinnati,"Recycled Interoffice Envelopes with String and Button Closure, 10 x 13"
28/12/2018,2,Kristen Hastings,San Francisco,Adjustable Depth Letter/Legal Cart
30/07/2016,2,Helen Andreada,San Francisco,Logitech 910-002974 M325 Wireless Mouse for Web Scrolling
30/07/2016,2,Helen Andreada,San Francisco,Regeneration Desk Collection
30/07/2016,1,Helen Andreada,San Francisco,Presstex Flexible Ring Binders
16/09/2018,2,Barry Blumstein,Inglewood,"Ampad Gold Fibre Wirebound Steno Books, 6"" x 9"", Gregg Ruled"
16/09/2018,3,Barry Blumstein,Inglewood,Newell 330
13/10/2018,5,Andrew Gjertsen,Philadelphia,"Post-it “Important Message” Note Pad, Neon Colors, 50 Sheets/Pad"
13/10/2018,2,Andrew Gjertsen,Philadelphia,"Adams Write n' Stick Phone Message Book, 11"" X 5 1/4"", 200 Messages"
13/10/2018,2,Andrew Gjertsen,Philadelphia,Eldon Simplefile Box Office
13/10/2018,12,Andrew Gjertsen,Philadelphia,Avery 489
26/09/2016,3,Steven Cartwright,Houston,Round Ring Binders
26/09/2016,1,Steven Cartwright,Houston,Bose SoundLink Bluetooth Speaker
02/11/2016,2,Jas O'Carroll,Los Angeles,"Bevis Round Bullnose 29"" High Table Top"
26/09/2016,6,Tracy Blumstein,Portland,Easy-staple paper
26/09/2016,6,Tracy Blumstein,Portland,Microsoft Arc Touch Mouse
26/09/2016,3,Tracy Blumstein,Portland,Xerox 216
18/12/2017,7,Alan Haines,Tamarac,GBC VeloBinder Electric Binding Machine
18/12/2017,3,Alan Haines,Tamarac,"Acco 7-Outlet Masterpiece Power Center, Wihtout Fax/Phone Line Protection"
18/12/2017,2,Alan Haines,Tamarac,Premier Automatic Letter Opener
20/11/2017,3,Nick Zandusky,Columbus,Advantus SlideClip Paper Clips
20/11/2017,2,Nick Zandusky,Columbus,Avery 512
20/11/2017,1,Nick Zandusky,Columbus,Logitech Wireless Gaming Headset G930
20/11/2017,6,Nick Zandusky,Columbus,"Bush Westfield Collection Bookcases, Medium Cherry Finish"
26/12/2015,3,Kelly Lampkin,Colorado Springs,"Howard Miller 13"" Diameter Goldtone Round Wall Clock"
26/12/2015,1,Kelly Lampkin,Colorado Springs,Global Deluxe Office Fabric Chairs
26/12/2015,3,Kelly Lampkin,Colorado Springs,Eldon ClusterMat Chair Mat with Cordless Antistatic Protection
26/12/2015,3,Kelly Lampkin,Colorado Springs,Ibico Laser Imprintable Binding System Covers
26/12/2015,1,Kelly Lampkin,Colorado Springs,"Vinyl Coated Wire Paper Clips in Organizer Box, 800/Box"
28/10/2017,1,Jonathan Doherty,Belleville,Xerox 223
28/10/2017,3,Jonathan Doherty,Belleville,"Tennsco Stur-D-Stor Boltless Shelving, 5 Shelves, 24"" Deep, Sand"
28/10/2017,5,Jonathan Doherty,Belleville,Xerox 1939
28/10/2017,3,Jonathan Doherty,Belleville,"Floodlight Indoor Halogen Bulbs, 1 Bulb per Pack, 60 Watts"
28/10/2017,1,Jonathan Doherty,Belleville,Avery Premier Heavy-Duty Binder with Round Locking Rings
19/11/2018,5,Jonathan Howell,Chicago,BPI Conference Tables
04/05/2016,2,Alan Schoenberger,New York City,Electrix 20W Halogen Replacement Bulb for Zoom-In Desk Lamp
30/12/2015,8,Ken Brennan,Taylor,Newell 350
01/06/2015,7,Corey Roper,Lakewood,"GBC Clear Cover, 8-1/2 x 11, unpunched, 25 covers per pack"
01/06/2015,6,Corey Roper,Lakewood,Boston Heavy-Duty Trimline Electric Pencil Sharpeners
15/04/2018,3,Shahid Hopkins,Arlington,Faber Castell Col-Erase Pencils
12/09/2017,4,Ben Peterman,Arvada,C-Line Cubicle Keepers Polyproplyene Holder With Velcro Backings
12/09/2017,5,Ben Peterman,Arvada,Hon 4070 Series Pagoda Armless Upholstered Stacking Chairs
12/09/2017,7,Ben Peterman,Arvada,"Eldon Expressions Desk Accessory, Wood Photo Frame, Mahogany"
12/09/2017,2,Ben Peterman,Arvada,Avery 509
27/09/2015,2,Thomas Seio,Hackensack,"Deflect-o SuperTray Unbreakable Stackable Tray, Letter, Black"
09/08/2015,2,Andy Gerbode,Saint Petersburg,AT&T 1070 Corded Phone
09/08/2015,5,Andy Gerbode,Saint Petersburg,Xerox 21
28/12/2015,9,Sung Pak,Philadelphia,"Boston School Pro Electric Pencil Sharpener, 1670"
04/11/2015,2,Nathan Mautz,New York City,DMI Arturo Collection Mission-style Design Wood Chair
04/11/2015,2,Nathan Mautz,New York City,Canon imageCLASS MF7460 Monochrome Digital Laser Multifunction Copier
04/11/2015,9,Nathan Mautz,New York City,Panasonic Kx-TS550
04/11/2015,2,Nathan Mautz,New York City,NETGEAR N750 Dual Band Wi-Fi Gigabit Router
04/11/2015,7,Nathan Mautz,New York City,"Trav-L-File Heavy-Duty Shuttle II, Black"
19/09/2015,3,Frank Atkinson,Long Beach,OIC Binder Clips
23/04/2017,9,Grace Kelly,Hesperia,Ibico Laser Imprintable Binding System Covers
23/04/2017,4,Grace Kelly,Hesperia,Logitech Wireless Headset h800
03/11/2018,1,Don Jones,Murfreesboro,Telescoping Adjustable Floor Lamp
30/08/2017,3,Patrick O'Brill,Philadelphia,Aastra 57i VoIP phone
30/08/2017,4,Patrick O'Brill,Philadelphia,"File Shuttle II and Handi-File, Black"
30/08/2017,3,Patrick O'Brill,Philadelphia,Hon 2090 “Pillow Soft” Series Mid Back Swivel/Tilt Chairs
30/08/2017,3,Patrick O'Brill,Philadelphia,Round Specialty Laser Printer Labels
30/08/2017,1,Patrick O'Brill,Philadelphia,GBC Premium Transparent Covers with Diagonal Lined Pattern
25/04/2017,3,John Lucas,Philadelphia,AT&T 841000 Phone
25/04/2017,3,John Lucas,Philadelphia,Ibico Recycled Grain-Textured Covers
25/04/2017,4,John Lucas,Philadelphia,Wilson Jones Custom Binder Spines & Labels
01/09/2016,2,Doug Bickford,Los Angeles,Storex Dura Pro Binders
01/09/2016,4,Doug Bickford,Los Angeles,Hewlett Packard LaserJet 3310 Copier
01/09/2016,7,Doug Bickford,Los Angeles,Avery Non-Stick Binders
12/07/2015,6,Alyssa Crouse,San Francisco,Tuff Stuff Recycled Round Ring Binders
12/07/2015,1,Alyssa Crouse,San Francisco,Hon 5100 Series Wood Tables
22/06/2016,2,Ken Lonsdale,Layton,"OIC Binder Clips, Mini, 1/4"" Capacity, Black"
13/04/2015,2,Jonathan Doherty,Philadelphia,Newell 314
13/04/2015,7,Jonathan Doherty,Philadelphia,Fellowes PB200 Plastic Comb Binding Machine
13/04/2015,1,Jonathan Doherty,Philadelphia,Staples
13/04/2015,4,Jonathan Doherty,Philadelphia,"Square Credit Card Reader, 4 1/2"" x 4 1/2"" x 1"", White"
20/12/2016,1,Chad Sievert,Austin,Fellowes Super Stor/Drawer
15/06/2018,2,Clay Cheatham,San Francisco,Anker 36W 4-Port USB Wall Charger Travel Power Adapter for iPhone 5s 5c 5
08/07/2018,1,Tamara Dahlen,Lowell,"Binney & Smith inkTank Erasable Desk Highlighter, Chisel Tip, Yellow, 12/Box"
08/07/2018,2,Tamara Dahlen,Lowell,Easy-staple paper
08/07/2018,1,Tamara Dahlen,Lowell,"BIC Brite Liner Highlighters, Chisel Tip"
01/09/2017,1,Adam Bellavance,New York City,Sabrent 4-Port USB 2.0 Hub
01/09/2017,1,Adam Bellavance,New York City,Xerox 1881
01/09/2017,7,Adam Bellavance,New York City,Acco Hanging Data Binders
01/09/2017,8,Adam Bellavance,New York City,Xerox 1881
01/09/2017,6,Adam Bellavance,New York City,GBC DocuBind P400 Electric Binding System
08/04/2017,3,Jeremy Lonsdale,New York City,Sauder Barrister Bookcases
08/04/2017,1,Jeremy Lonsdale,New York City,"#10 Gummed Flap White Envelopes, 100/Box"
08/04/2017,1,Jeremy Lonsdale,New York City,"Dixon Prang Watercolor Pencils, 10-Color Set with Brush"
08/04/2017,2,Jeremy Lonsdale,New York City,"Adams Phone Message Book, 200 Message Capacity, 8 1/16” x 11”"
23/04/2017,6,Heather Kirkland,Charlotte,Southworth 25% Cotton Linen-Finish Paper & Envelopes
08/03/2018,2,Victoria Brennan,Columbus,Belkin 8 Outlet SurgeMaster II Gold Surge Protector with Phone Protection
08/03/2018,2,Victoria Brennan,Columbus,"Avery Address/Shipping Labels for Typewriters, 4"" x 2"""
25/09/2018,1,Katrina Willman,New York City,"Avery Address/Shipping Labels for Typewriters, 4"" x 2"""
25/09/2018,2,Katrina Willman,New York City,Global Ergonomic Managers Chair
25/09/2018,4,Katrina Willman,New York City,Newell 333
25/09/2018,4,Katrina Willman,New York City,Eldon Wave Desk Accessories
24/09/2015,1,Julia Dunbar,San Francisco,"Gould Plastics 9-Pocket Panel Bin, 18-3/8w x 5-1/4d x 20-1/2h, Black"
21/10/2017,4,Michael Kennedy,Manchester,Wilson Jones “Snap” Scratch Pad Binder Tool for Ring Binders
21/10/2017,3,Michael Kennedy,Manchester,Staple remover
21/10/2017,5,Michael Kennedy,Manchester,Pizazz Global Quick File
21/10/2017,2,Michael Kennedy,Manchester,"Atlantic Metals Mobile 3-Shelf Bookcases, Custom Colors"
29/05/2018,2,Guy Thornton,Harlingen,Xerox 1930
29/05/2018,1,Guy Thornton,Harlingen,File Shuttle I and Handi-File
23/07/2015,4,Arthur Gainer,Tucson,Wilson Jones Custom Binder Spines & Labels
23/07/2015,1,Arthur Gainer,Tucson,NETGEAR AC1750 Dual Band Gigabit Smart WiFi Router
23/07/2015,5,Arthur Gainer,Tucson,Newell 324
23/07/2015,1,Arthur Gainer,Tucson,Microsoft Natural Keyboard Elite
28/09/2017,6,Muhammed MacIntyre,Quincy,Xerox 1960
27/08/2018,2,Allen Rosenblatt,Franklin,"Office Impressions End Table, 20-1/2""H x 24""W x 20""D"
28/04/2016,7,Russell Applegate,Houston,Holmes Odor Grabber
28/04/2016,6,Russell Applegate,Houston,Akro-Mils 12-Gallon Tote
28/04/2016,2,Russell Applegate,Houston,"GBC Twin Loop Wire Binding Elements, 9/16"" Spine, Black"
28/10/2017,3,Alejandro Savely,San Francisco,Southworth Structures Collection
28/10/2017,3,Alejandro Savely,San Francisco,"Square Ring Data Binders, Rigid 75 Pt. Covers, 11"" x 14-7/8"""
26/06/2016,1,Laura Armstrong,Taylor,Sony 32GB Class 10 Micro SDHC R40 Memory Card
27/11/2016,3,Denny Ordway,Pembroke Pines,"Hon Practical Foundations 30 x 60 Training Table, Light Gray/Charcoal"
27/11/2016,8,Denny Ordway,Pembroke Pines,Logitech Media Keyboard K200
03/12/2016,2,Dean Katz,Philadelphia,Lexmark MarkNet N8150 Wireless Print Server
03/12/2016,5,Dean Katz,Philadelphia,3M Hangers With Command Adhesive
24/11/2015,2,Nathan Gelder,Cincinnati,Crayola Colored Pencils
11/12/2018,2,Mike Vittorini,New York City,"Angle-D Binders with Locking Rings, Label Holders"
11/12/2018,1,Mike Vittorini,New York City,Logitech LS21 Speaker System - PC Multimedia - 2.1-CH - Wired
21/09/2015,3,Jack Garza,Des Moines,Nortel Meridian M3904 Professional Digital phone
21/09/2015,7,Jack Garza,Des Moines,Canon PC1080F Personal Copier
07/06/2015,2,Bart Pistole,Peoria,Wilson Jones Century Plastic Molded Ring Binders
30/06/2018,2,Victor Preis,Las Vegas,Tuf-Vin Binders
17/10/2018,3,Saphhira Shifley,Warwick,2300 Heavy-Duty Transfer File Systems by Perma
17/10/2018,3,Saphhira Shifley,Warwick,Xerox 1958
31/10/2016,5,Harold Pawlan,Jackson,"Acme 10"" Easy Grip Assistive Scissors"
08/09/2017,3,Anna Gayman,Houston,Super Decoflex Portable Personal File
08/09/2017,5,Anna Gayman,Houston,"Riverside Palais Royal Lawyers Bookcase, Royale Cherry Finish"
08/09/2017,2,Anna Gayman,Houston,"Contico 72""H Heavy-Duty Storage System"
08/09/2017,3,Anna Gayman,Houston,Sony 64GB Class 10 Micro SDHC R40 Memory Card
24/12/2015,3,Luke Foster,Miami,Xerox 1974
16/04/2015,1,Stephanie Phelps,Wilmington,"Avery Hi-Liter EverBold Pen Style Fluorescent Highlighters, 4/Pack"
24/12/2018,9,Roy Französisch,New York City,Staple holder
08/12/2018,4,Keith Herrera,San Francisco,Sony 64GB Class 10 Micro SDHC R40 Memory Card
08/12/2018,3,Keith Herrera,San Francisco,Sharp AL-1530CS Digital Copier
08/12/2018,2,Keith Herrera,San Francisco,"Wirebound Message Book, 4 per Page"
08/12/2018,1,Keith Herrera,San Francisco,"Bevis Round Conference Table Top, X-Base"
08/12/2018,2,Keith Herrera,San Francisco,"Wirebound Service Call Books, 5 1/2"" x 4"""
08/12/2018,2,Keith Herrera,San Francisco,Self-Adhesive Removable Labels
08/12/2018,7,Keith Herrera,San Francisco,Xerox 1908
08/12/2018,3,Keith Herrera,San Francisco,O'Sullivan 4-Shelf Bookcase in Odessa Pine
08/12/2018,1,Keith Herrera,San Francisco,Novimex High-Tech Fabric Mesh Task Chair
03/11/2018,5,Kimberly Carter,Seattle,Xerox 191
03/11/2018,6,Kimberly Carter,Seattle,Global Deluxe Office Fabric Chairs
24/06/2018,2,Caroline Jumper,Huntington Beach,Bulldog Vacuum Base Pencil Sharpener
14/04/2017,2,Philip Brown,Los Angeles,Bevis Steel Folding Chairs
06/11/2018,5,Victoria Brennan,Richmond,Xerox 1987
04/03/2018,4,Sung Pak,Los Angeles,American Pencil
04/03/2018,2,Sung Pak,Los Angeles,"White Envelopes, White Envelopes with Clear Poly Window"
22/06/2015,4,Joel Eaton,Louisville,KeyTronic 6101 Series - Keyboard - Black
19/10/2018,3,Michael Paige,Lawrence,"Westinghouse Mesh Shade Clip-On Gooseneck Lamp, Black"
19/10/2018,4,Michael Paige,Lawrence,Crate-A-Files
21/08/2018,3,Natalie Fritzler,Jackson,Hon Multipurpose Stacking Arm Chairs
23/11/2018,5,Janet Molinari,Canton,Coloredge Poster Frame
23/11/2018,2,Janet Molinari,Canton,GBC VeloBinder Manual Binding System
12/09/2015,3,Shirley Daniels,New Rochelle,"Epson WorkForce WF-2530 All-in-One Printer, Copier Scanner"
01/10/2018,5,Ken Heidel,San Antonio,Design Ebony Sketching Pencil
15/04/2017,5,Ross Baird,Gastonia,GBC ProClick 150 Presentation Binding System
15/04/2017,1,Ross Baird,Gastonia,Imation Secure+ Hardware Encrypted USB 2.0 Flash Drive; 16GB
15/04/2017,2,Ross Baird,Gastonia,Imation Secure+ Hardware Encrypted USB 2.0 Flash Drive; 16GB
15/04/2017,2,Ross Baird,Gastonia,Woodgrain Magazine Files by Perma
06/06/2017,3,Dave Brooks,Lowell,Letter Size Cart
19/12/2015,2,Mike Kennedy,Jacksonville,Insertable Tab Post Binder Dividers
19/12/2015,1,Mike Kennedy,Jacksonville,Belkin QODE FastFit Bluetooth Keyboard
12/06/2017,5,Philisse Overcash,Chicago,"Canon Color ImageCLASS MF8580Cdw Wireless Laser All-In-One Printer, Copier, Scanner"
12/06/2017,4,Philisse Overcash,Chicago,Xerox 1908
15/09/2018,2,Brenda Bowman,Houston,Xerox 1897
20/01/2018,3,Cynthia Voltz,New York City,Global Deluxe Steno Chair
05/09/2017,4,Pete Kriz,Detroit,Aluminum Document Frame
05/09/2017,3,Pete Kriz,Detroit,Fellowes Bankers Box Staxonsteel Drawer File/Stacking System
05/09/2017,6,Pete Kriz,Detroit,Eldon Mobile Mega Data Cart  Mega Stackable  Add-On Trays
05/09/2017,4,Pete Kriz,Detroit,"Xerox Color Copier Paper, 11"" x 17"", Ream"
05/09/2017,2,Pete Kriz,Detroit,Office Star - Ergonomically Designed Knee Chair
05/09/2017,3,Pete Kriz,Detroit,Avery 520
20/03/2018,6,Troy Blackwell,Columbus,"GE General Purpose, Extra Long Life, Showcase & Floodlight Incandescent Bulbs"
01/04/2017,8,Raymond Buch,Auburn,Newell 345
01/04/2017,2,Raymond Buch,Auburn,Fellowes Bankers Box Recycled Super Stor/Drawer
01/04/2017,5,Raymond Buch,Auburn,Boston 1645 Deluxe Heavier-Duty Electric Pencil Sharpener
01/04/2017,3,Raymond Buch,Auburn,50 Colored Long Pencils
01/04/2017,3,Raymond Buch,Auburn,Newell 342
01/04/2017,3,Raymond Buch,Auburn,Belkin Grip Candy Sheer Case / Cover for iPhone 5 and 5S
20/10/2018,6,Ed Braxton,Akron,Chromcraft Rectangular Conference Tables
20/10/2018,4,Ed Braxton,Akron,Deluxe Rollaway Locking File with Drawer
13/12/2017,9,Ken Heidel,Norman,Memorex Mini Travel Drive 16 GB USB 2.0 Flash Drive
12/02/2015,4,Sanjit Chand,Concord,"Global Geo Office Task Chair, Gray"
26/09/2017,1,Natalie Fritzler,Decatur,Hon 4700 Series Mobuis Mid-Back Task Chairs with Adjustable Arms
26/09/2017,7,Natalie Fritzler,Decatur,Staple envelope
15/12/2016,3,Joseph Holt,Seattle,3M Office Air Cleaner
15/12/2016,4,Joseph Holt,Seattle,Logitech G700s Rechargeable Gaming Mouse
15/12/2016,2,Joseph Holt,Seattle,Acco D-Ring Binder w/DublLock
22/04/2017,8,Tanja Norvell,Phoenix,Eldon Wave Desk Accessories
22/04/2017,5,Tanja Norvell,Phoenix,Bush Advantage Collection Racetrack Conference Table
22/04/2017,2,Tanja Norvell,Phoenix,Poly Designer Cover & Back
22/04/2017,4,Tanja Norvell,Phoenix,Premier Electric Letter Opener
22/04/2017,2,Tanja Norvell,Phoenix,"Fellowes Premier Superior Surge Suppressor, 10-Outlet, With Phone and Remote"
17/01/2016,3,Joni Sundaresam,Park Ridge,Eldon ClusterMat Chair Mat with Cordless Antistatic Protection
31/03/2018,3,David Smith,Amarillo,Bush Mission Pointe Library
16/12/2017,6,Craig Carreira,Chicago,Cardinal Hold-It CD Pocket
20/12/2016,3,Maya Herman,Lindenhurst,"Eaton Premium Continuous-Feed Paper, 25% Cotton, Letter Size, White, 1000 Shts/Box"
09/11/2015,1,Jeremy Pistek,San Francisco,SAFCO Boltless Steel Shelving
09/11/2015,1,Jeremy Pistek,San Francisco,"Sauder Mission Library with Doors, Fruitwood Finish"
09/11/2015,2,Jeremy Pistek,San Francisco,Samsung Galaxy Note 3
09/11/2015,1,Jeremy Pistek,San Francisco,"Decoflex Hanging Personal Folder File, Blue"
09/11/2015,2,Jeremy Pistek,San Francisco,"Recycled Desk Saver Line ""While You Were Out"" Book, 5 1/2"" X 4"""
09/11/2015,3,Jeremy Pistek,San Francisco,Xerox 1912
12/07/2017,1,Kristen Hastings,Los Angeles,Cisco SPA525G2 IP Phone - Wireless
27/10/2017,5,Jeremy Ellison,Troy,Electrix 20W Halogen Replacement Bulb for Zoom-In Desk Lamp
26/06/2017,2,John Grady,New York City,Prang Colored Pencils
26/06/2017,2,John Grady,New York City,"Fellowes Strictly Business Drawer File, Letter/Legal Size"
06/10/2015,2,Xylona Preis,San Diego,Imation USB 2.0 Swivel Flash Drive USB flash drive - 4 GB - Pink
22/07/2015,2,Erin Mull,New York City,"Premium Writing Pencils, Soft, #2 by Central Association for the Blind"
22/07/2015,2,Erin Mull,New York City,Logitech G602 Wireless Gaming Mouse
10/06/2018,2,Michelle Tran,Los Angeles,Alphabetical Labels for Top Tab Filing
10/06/2018,3,Michelle Tran,Los Angeles,O'Sullivan Living Dimensions 2-Shelf Bookcases
10/06/2018,3,Michelle Tran,Los Angeles,iHome FM Clock Radio with Lightning Dock
29/10/2015,2,Sue Ann Reed,Chicago,Apple iPhone 5S
09/06/2015,8,Carl Weiss,Huntsville,Square Credit Card Reader
09/06/2015,1,Carl Weiss,Huntsville,Logitech M510 Wireless Mouse
09/06/2015,2,Carl Weiss,Huntsville,Boston 1645 Deluxe Heavier-Duty Electric Pencil Sharpener
14/09/2015,2,Astrea Jones,Rochester,Fellowes Officeware Wire Shelving
14/09/2015,2,Astrea Jones,Rochester,Colored Envelopes
09/05/2017,2,Sonia Sunley,Seattle,Sony Micro Vault Click 8 GB USB 2.0 Flash Drive
18/03/2017,12,Rose O'Brian,Memphis,Balt Solid Wood Rectangular Table
27/12/2016,1,Maribeth Dona,Fayetteville,"Strathmore #10 Envelopes, Ultimate White"
25/07/2017,6,Sanjit Chand,Costa Mesa,Clear Mylar Reinforcing Strips
25/07/2017,2,Sanjit Chand,Costa Mesa,"Howard Miller 14-1/2"" Diameter Chrome Round Wall Clock"
25/07/2017,6,Sanjit Chand,Costa Mesa,DMI Arturo Collection Mission-style Design Wood Chair
25/07/2017,6,Sanjit Chand,Costa Mesa,Deflect-O Glasstique Clear Desk Accessories